{
  "trades": 117,
  "wins": 97,
  "losses": 19,
  "win_rate": 0.8290598290598291,
  "realized_pnl": 1449.8522243928437,
  "total_return_abs": 1449.8522243928492,
  "total_return_pct": 0.1449852224392849,
  "avg_return_per_trade": 12.39189935378499,
  "max_drawdown": 1036.530321876162,
  "equity_curve": [
    9949.719748957745,
    9893.92658171922,
    9844.450316335,
    9872.718732956315,
    9902.42684589665,
    9930.510891290469,
    9958.16565689856,
    9986.862470527263,
    10012.817688851748,
    10037.746134336463,
    10061.601361260267,
    10085.820612131592,
    10110.647579238988,
    10136.294902129634,
    10163.537873617339,
    10190.272277965805,
    10218.303769189979,
    10244.724317837376,
    10270.7245161377,
    10295.918643044537,
    10320.524711739186,
    10344.26198619197,
    10367.796228354488,
    10391.94989581596,
    10416.91102925679,
    10441.96519871978,
    10466.471607243444,
    10492.00885518825,
    10516.183838167915,
    10541.738691538414,
    10566.834802180134,
    10591.385645800394,
    10616.598944185087,
    10643.423357684567,
    10668.567322394108,
    10691.383576534297,
    10715.371966462091,
    10739.585955224731,
    10763.316641492327,
    10787.852582225914,
    10808.663948102198,
    10828.986632517246,
    10849.154440293916,
    10870.657612128976,
    10897.27979036754,
    10922.744707497688,
    10948.358249194778,
    10975.887251103077,
    11003.187104947332,
    11030.262549635238,
    11059.523961524015,
    11087.455496762628,
    11113.259515322747,
    11139.30904792845,
    11164.577917398186,
    11191.111019512788,
    11218.486345825337,
    11246.347146076818,
    11273.360508050288,
    11299.740674560528,
    11327.777413580732,
    11356.653761224297,
    11387.216066688705,
    11418.33190020329,
    11448.845221459886,
    11478.630324799595,
    11509.037348058702,
    11539.48728948997,
    11570.200096403547,
    11602.381336828175,
    11631.738562932595,
    11660.310735658737,
    11689.879456383807,
    11717.806696830225,
    11747.21841934332,
    11776.533672543812,
    11806.678992214664,
    11835.959554694675,
    11864.052673025837,
    11894.75353903142,
    11924.081177817603,
    11954.936127339402,
    11990.281788606277,
    12026.072007234343,
    12060.329184121729,
    12093.189584550215,
    12126.822487644513,
    12159.239309253819,
    12192.030610097476,
    12225.581093575382,
    12258.632679057417,
    12291.383128804346,
    12188.132050062357,
    12074.308634498402,
    11969.243332318065,
    11890.62320491895,
    11799.995408804425,
    11719.444205015683,
    11635.908724462339,
    11552.752975375446,
    11487.28965298074,
    11441.109888642904,
    11386.9504443402,
    11341.589822336606,
    11300.963901335988,
    11338.300031268016,
    11375.047851237918,
    11337.978872745245,
    11294.431557519192,
    11254.852806928184,
    11288.692288337648,
    11323.1523556609,
    11356.319255808103,
    11388.406815121061,
    11419.482538341454,
    11449.85222439285
  ],
  "timestamp": "2026-01-07T20:52:06.791506"
}