{
  "trades": 220,
  "wins": 171,
  "losses": 48,
  "win_rate": 0.7772727272727272,
  "realized_pnl": 1904.727929689651,
  "total_return_abs": 1904.7279296896486,
  "total_return_pct": 0.19047279296896485,
  "avg_return_per_trade": 8.657854225862051,
  "max_drawdown": 3046.8895380724625,
  "equity_curve": [
    9949.719748957745,
    9893.92658171922,
    9844.453605329149,
    9795.224737991499,
    9825.79841147766,
    9857.169864144236,
    9886.809924242352,
    9917.045319892586,
    9947.03031071439,
    9976.923846476106,
    10005.68679574356,
    10034.224931457966,
    10063.03828738133,
    10093.483182425209,
    10123.855600241985,
    10152.567634641458,
    10181.581548342572,
    10209.935502567227,
    10239.35785065553,
    10267.439799135991,
    10294.1242200346,
    10320.06451604555,
    10345.757899634607,
    10370.34513257431,
    10395.307559664205,
    10420.896350976298,
    10447.330670976951,
    10476.114459292703,
    10505.234166634758,
    10533.468723505552,
    10561.176202490513,
    10590.960429881483,
    10621.19005204838,
    10652.31909125771,
    10682.146411465357,
    10711.53095441185,
    10739.226796213152,
    10766.66533366621,
    10793.990171799836,
    10820.467871381028,
    10846.327552773453,
    10871.274177205456,
    10897.679862702418,
    10923.500769292366,
    10948.352838266463,
    10973.859017967714,
    11000.217878629524,
    11027.510410850424,
    11054.033159658815,
    11079.976039881969,
    11107.01018338045,
    11133.721249957609,
    11159.270006834431,
    11184.982448198536,
    11212.162515684415,
    11238.854665742396,
    11264.966871387225,
    11291.783661986723,
    11320.314029921712,
    11348.063409582823,
    11374.872012069369,
    11401.150171863777,
    11425.705060543718,
    11449.716781373028,
    11473.331790449465,
    11497.869148283457,
    11522.195030566096,
    11547.970659734448,
    11574.174275224661,
    11600.14339359169,
    11626.35673855597,
    11652.04687459549,
    11678.608755200017,
    11705.241076437718,
    11731.327160890018,
    11757.870485434609,
    11783.653580252363,
    11808.424341994225,
    11833.957513794976,
    11858.178385082761,
    11881.563975944402,
    11904.221357907674,
    11926.489498375748,
    11949.49746355496,
    11971.965167892544,
    11994.484258373215,
    12016.822678496183,
    12040.640184679654,
    12067.927055581946,
    12096.444551961486,
    12126.068675395923,
    12154.405043725788,
    12182.906795687188,
    12213.539997194981,
    12243.91821165877,
    12274.293977431977,
    12304.49722350053,
    12337.05768165428,
    12369.78579893109,
    12401.04751918762,
    12432.367157987892,
    12463.003375804263,
    12492.008729694338,
    12521.290056947268,
    12549.693869309449,
    12579.518759368433,
    12610.290362857319,
    12641.607669852436,
    12671.972402460875,
    12702.871122092694,
    12733.533669601984,
    12763.921062491916,
    12793.789207195676,
    12824.389990337993,
    12856.209665285216,
    12888.982235412544,
    12923.66824596514,
    12958.982470898092,
    12993.612887910762,
    13027.416830154401,
    13061.926606613075,
    13097.85012896483,
    13133.889501194535,
    13170.53001759587,
    13210.043762640713,
    13248.577838923593,
    13285.676866944534,
    13320.827337851768,
    13356.281252544248,
    13393.430281479426,
    13429.031593851736,
    13463.319130497926,
    13497.385042689191,
    13530.539984635698,
    13565.221500872804,
    13599.620776777723,
    13633.395816361699,
    13665.966137081028,
    13699.513380873179,
    13733.899191848512,
    13768.36835058373,
    13802.727395418582,
    13838.42267184846,
    13872.993534885381,
    13908.505327788907,
    13942.998419328233,
    13976.736988821305,
    14009.911327099162,
    14045.458780581503,
    14082.37839003579,
    14118.819665534795,
    14153.63094950796,
    14190.255118866155,
    14229.608460594292,
    14269.926655482142,
    14312.116759092512,
    14354.837505516094,
    14397.019428483094,
    14438.03042865971,
    14477.369277047783,
    14517.632927472761,
    14556.440745207272,
    14595.696870985279,
    14635.86185271629,
    14675.42957840767,
    14714.636799270347,
    14591.02970746464,
    14454.765936192958,
    14328.446871888893,
    14203.767054108795,
    14085.853050565935,
    13979.596864380144,
    13893.194134521413,
    13809.332905260197,
    13718.626126045769,
    13614.065681223303,
    13509.07309745178,
    13389.787225780588,
    13283.41395664225,
    13192.776721548928,
    13102.717869030736,
    13009.32249851684,
    12916.35168007076,
    12842.009238343784,
    12768.353849855612,
    12706.271646910916,
    12638.032184260444,
    12566.41916032785,
    12502.950330008789,
    12443.79169294079,
    12393.743042918668,
    12343.919268096626,
    12285.486142763115,
    12236.546148181049,
    12187.631710726577,
    12143.003581180521,
    12103.530196739297,
    12063.108597896258,
    12019.898174613727,
    12059.609519941012,
    12098.695128746916,
    12056.793620613702,
    12015.978516409721,
    11976.348418555426,
    11937.72139511044,
    11900.372463839587,
    11864.755924428278,
    11826.091086448227,
    11780.669012354267,
    11739.386353881315,
    11702.602435860996,
    11667.747261197885,
    11702.82817458776,
    11738.552440646938,
    11772.994573099433,
    11807.479116199687,
    11840.841438792353,
    11873.151727423761,
    11904.727929689649
  ],
  "timestamp": "2026-01-07T20:51:50.414527"
}